,answer
0,좋음
1,매우좋음
2,'매우좋음'
3,매우좋음
4,매우좋음
5,매우좋음
6,'매우좋음'
7,'매우좋음'
8,매우좋음
9,'좋음'
10,매우좋음
11,매우좋음
12,매우좋음
13,매우좋음
14,매우좋음
15,매우좋음
16,매우좋음
17,매우좋음
18,매우좋음
19,'좋음'
20,매우좋음
21,매우좋음
22,매우좋음
23,매우좋음
24,'좋음'
25,'매우좋음'
26,'매우좋음'
27,좋음
28,좋음
29,매우좋음
30,'보통'
31,좋음
32,매우좋음
33,매우좋음
34,매우좋음
35,매우좋음
36,좋음
37,'매우좋음'
38,매우좋음
39,좋음
40,매우좋음
41,'좋음'
42,매우좋음
43,'매우좋음'
44,매우좋음
45,매우좋음
46,좋음
47,'좋음'
48,좋음
49,매우좋음
50,매우좋음
51,'매우좋음'
52,매우좋음
53,매우좋음
54,'매우좋음'
55,매우좋음
56,매우좋음
57,매우좋음
58,'좋음'
59,매우좋음
60,매우좋음
61,매우좋음
62,매우좋음
63,매우좋음
64,매우좋음
65,'보통'
66,매우좋음
67,좋음
68,매우좋음
69,좋음
70,좋음
71,'좋음'
72,좋음
73,좋음
74,매우좋음
75,매우좋음
76,매우좋음
77,'좋음'
78,매우좋음
79,매우좋음
80,매우좋음
81,매우좋음
82,매우좋음
83,매우좋음
84,매우좋음
85,'보통'
86,매우좋음
87,좋음
88,매우좋음
89,매우좋음
90,'좋음'
91,'좋음'
92,'좋음'
93,좋음
94,매우좋음
95,매우좋음
96,매우좋음
97,'좋음'
98,'매우좋음'
99,매우좋음
100,'매우좋음'
101,매우좋음
102,'매우좋음'
103,매우좋음
104,매우좋음
105,좋음
106,매우좋음
107,매우좋음
108,좋음
109,매우좋음
110,매우좋음
111,'좋음'
112,좋음
113,'좋음'
114,'좋음'
115,'매우좋음'
116,좋음
117,좋음
118,매우좋음
119,좋음
120,좋음
121,'좋음'
122,좋음
123,매우좋음
124,'매우좋음'
125,'매우좋음'
126,좋음
127,매우좋음
128,매우좋음
129,매우좋음
130,'매우좋음'
131,매우좋음
132,매우좋음
133,좋음
134,'매우좋음'
135,매우좋음
136,매우좋음
137,매우좋음
138,매우좋음
139,'매우좋음'
140,매우좋음
141,매우좋음
142,'보통'
143,매우좋음
144,매우좋음
145,좋음
146,매우좋음
147,매우좋음
148,매우좋음
149,매우좋음
150,매우좋음
151,매우좋음
152,'매우좋음'
153,매우좋음
154,매우좋음
155,'매우좋음'
156,'좋음'
157,'매우좋음'
158,'매우좋음'
159,매우좋음
160,좋음
161,매우좋음
162,'매우좋음'
163,'좋음'
164,매우좋음
165,매우좋음
166,'매우좋음'
167,'매우좋음'
168,매우좋음
169,매우좋음
170,'매우좋음'
171,'매우좋음'
172,'좋음'
173,'매우좋음'
174,매우좋음
175,'매우좋음'
176,매우좋음
177,'좋음'
178,매우좋음
179,매우좋음
180,'좋음'
181,'보통'
182,'매우좋음'
183,좋음
184,'좋음'
185,좋음
186,매우좋음
187,좋음
188,매우좋음
189,좋음
190,매우좋음
191,'매우좋음'
192,'매우좋음'
193,매우좋음
194,'매우좋음'
195,매우좋음
196,매우좋음
197,매우좋음
198,매우좋음
199,매우좋음
200,좋음
201,매우좋음
202,'좋음'
203,'매우좋음'
204,매우좋음
205,매우좋음
206,매우좋음
207,'좋음'
208,'매우좋음'
209,'좋음'
210,'좋음'
211,'보통'
212,좋음
213,좋음
214,'매우좋음'
215,'매우좋음'
216,매우좋음
217,'보통'
218,매우좋음
219,매우좋음
220,매우좋음
221,매우좋음
222,'매우좋음'
223,매우좋음
224,'좋음'
225,매우좋음
226,좋음
227,'좋음'
228,매우좋음
229,좋음
230,매우좋음
231,매우좋음
232,보통
233,보통
234,매우좋음
235,매우좋음
236,매우좋음
237,'보통'
238,좋음
239,'좋음'
240,'매우좋음'
241,매우좋음
242,좋음
243,좋음
244,매우좋음
245,좋음
246,'좋음'
247,매우좋음
248,매우좋음
249,매우좋음
250,매우좋음
251,'좋음'
252,'매우좋음'
253,매우좋음
254,좋음
255,'매우좋음'
256,'매우좋음'
257,좋음
258,'매우좋음'
259,매우좋음
260,좋음
261,좋음
262,좋음
263,매우좋음
264,'매우좋음'
265,매우좋음
266,'매우좋음'
267,'좋음'
268,매우좋음
269,매우좋음
270,좋음
271,'좋음'
272,'매우좋음'
273,좋음
274,매우좋음
275,매우좋음
276,좋음
277,좋음
278,'좋음'
279,매우좋음
280,'매우좋음'
281,'매우좋음'
282,'보통'
283,매우좋음
284,'매우좋음'
285,좋음
286,좋음
287,매우좋음
288,좋음
289,매우좋음
290,'매우좋음'
291,매우좋음
292,매우좋음
293,매우좋음
294,매우좋음
295,매우좋음
296,매우좋음
297,매우좋음
298,매우좋음
299,좋음
300,'매우좋음'
301,'매우좋음'
302,'보통'
303,'매우좋음'
304,'매우좋음'
305,'매우좋음'
306,좋음
307,매우좋음
308,좋음
309,매우좋음
310,좋음
311,좋음
312,'매우좋음'
313,매우좋음
314,매우좋음
315,'매우좋음'
316,매우좋음
317,매우좋음
318,매우좋음
319,좋음
320,매우좋음
321,매우좋음
322,'좋음'
323,매우좋음
324,매우좋음
325,좋음
326,좋음
327,매우좋음
328,'매우좋음'
329,매우좋음
330,좋음
331,'좋음'
332,매우좋음
333,매우좋음
334,매우좋음
335,매우좋음
336,매우좋음
337,'매우좋음'
338,매우좋음
339,매우좋음
340,매우좋음
341,좋음
342,좋음
343,좋음
344,매우좋음
345,'매우좋음'
346,'매우좋음'
347,'매우좋음'
348,매우좋음
349,보통
350,'매우좋음'
351,매우좋음
352,'좋음'
353,매우좋음
354,매우좋음
355,매우좋음
356,'좋음'
357,'좋음'
358,매우좋음
359,'매우좋음'
360,좋음
361,좋음
362,매우좋음
363,매우좋음
364,보통
365,'매우좋음'
366,좋음
367,매우좋음
368,매우좋음
369,좋음
370,매우좋음
371,좋음
372,'매우좋음'
373,매우좋음
374,'매우좋음'
375,'보통'
376,매우좋음
377,'매우좋음'
378,매우좋음
379,'매우좋음'
380,매우좋음
381,좋음
382,'매우좋음'
383,좋음
384,매우좋음
385,'매우좋음'
386,매우좋음
387,'좋음'
388,'보통'
389,'매우좋음'
390,'매우좋음'
391,매우좋음
392,좋음
393,매우좋음
394,매우좋음
395,좋음
396,좋음
397,매우좋음
398,'매우좋음'
399,매우좋음
400,매우좋음
401,매우좋음
402,매우좋음
403,'매우좋음'
404,매우좋음
405,매우좋음
406,매우좋음
407,'좋음'
408,'좋음'
409,'매우좋음'
410,매우좋음
411,매우좋음
412,'매우좋음'
413,'좋음'
414,매우좋음
415,'보통'
416,매우좋음
417,매우좋음
418,매우좋음
419,좋음
420,좋음
421,좋음
422,'매우좋음'
423,매우좋음
424,매우좋음
425,매우좋음
426,매우좋음
427,'매우좋음'
428,'좋음'
429,매우좋음
430,'매우좋음'
431,매우좋음
432,매우좋음
433,매우좋음
434,'좋음'
435,'좋음'
436,좋음
437,매우좋음
438,매우좋음
439,'좋음'
440,'매우좋음'
441,좋음
442,매우좋음
443,'매우좋음'
444,'매우좋음'
445,좋음
446,좋음
447,좋음
448,매우좋음
449,매우좋음
450,매우좋음
451,'좋음'
452,매우좋음
453,'보통'
454,매우좋음
455,'좋음'
456,매우좋음
457,매우좋음
458,좋음
459,매우좋음
460,매우좋음
461,좋음
462,좋음
463,'매우좋음'
464,'좋음'
465,좋음
466,좋음
467,좋음
468,매우좋음
469,매우좋음
470,'보통'
471,'매우좋음'
472,매우좋음
473,좋음
474,매우좋음
475,매우좋음
476,'좋음'
477,'매우좋음'
478,'매우좋음'
479,매우좋음
480,좋음
481,'매우좋음'
482,'좋음'
483,매우좋음
484,매우좋음
485,'매우좋음'
486,매우좋음
487,'매우좋음'
488,'매우좋음'
489,좋음
490,매우좋음
491,'매우좋음'
492,매우좋음
493,'보통'
494,매우좋음
495,'좋음'
496,좋음
497,좋음
498,좋음
499,보통
500,매우좋음
501,매우좋음
502,좋음
503,매우좋음
504,'좋음'
505,'매우좋음'
506,매우좋음
507,'매우좋음'
508,매우좋음
509,매우좋음
510,매우좋음
511,매우좋음
512,좋음
513,매우좋음
514,보통
515,매우좋음
516,좋음
517,'매우좋음'
518,'좋음'
519,'좋음'
520,매우좋음
521,매우좋음
522,좋음
523,매우좋음
524,'좋음'
525,좋음
526,매우좋음
527,'매우좋음'
528,매우좋음
529,매우좋음
530,매우좋음
531,매우좋음
532,좋음
533,좋음
534,'보통'
535,매우좋음
536,좋음
537,'매우좋음'
538,'좋음'
539,'좋음'
540,'매우좋음'
541,'매우좋음'
542,매우좋음
543,'매우좋음'
544,좋음
545,매우좋음
546,'매우좋음'
547,매우좋음
548,매우좋음
549,좋음
550,매우좋음
551,'매우좋음'
552,좋음
553,좋음
554,좋음
555,좋음
556,매우좋음
557,좋음
558,좋음
559,매우좋음
560,매우좋음
561,매우좋음
562,'매우좋음'
563,'보통'
564,매우좋음
565,'매우좋음'
566,매우좋음
567,'매우좋음'
568,매우좋음
569,매우좋음
570,좋음
571,매우좋음
572,매우좋음
573,매우좋음
574,매우좋음
575,'매우좋음'
576,매우좋음
577,'매우좋음'
578,매우좋음
579,'매우좋음'
580,'매우좋음'
581,'매우좋음'
582,'매우좋음'
583,매우좋음
584,'매우좋음'
585,매우좋음
586,매우좋음
587,매우좋음
588,좋음
589,좋음
590,좋음
591,매우좋음
592,매우좋음
593,매우좋음
594,매우좋음
595,매우좋음
596,매우좋음
597,매우좋음
598,매우좋음
599,'매우좋음'
600,매우좋음
601,매우좋음
602,좋음
603,매우좋음
604,매우좋음
605,매우좋음
606,매우좋음
607,매우좋음
608,매우좋음
609,매우좋음
610,매우좋음
611,매우좋음
612,매우좋음
613,매우좋음
614,매우좋음
615,매우좋음
616,매우좋음
617,매우좋음
618,'매우좋음'
619,매우좋음
620,매우좋음
621,매우좋음
622,매우좋음
623,좋음
624,좋음
625,매우좋음
626,매우좋음
627,매우좋음
628,매우좋음
629,매우좋음
630,'매우좋음'
631,'매우좋음'
632,'매우좋음'
633,좋음
634,매우좋음
635,매우좋음
636,'매우좋음'
637,'매우좋음'
638,좋음
639,매우좋음
640,'좋음'
641,매우좋음
642,좋음
643,'매우좋음'
644,'좋음'
645,좋음
646,'매우좋음'
647,매우좋음
648,매우좋음
649,'매우좋음'
650,'매우좋음'
651,매우좋음
652,좋음
653,'보통'
654,'매우좋음'
655,좋음
656,매우좋음
657,매우좋음
658,'좋음'
659,매우좋음
660,좋음
661,매우좋음
662,매우좋음
663,매우좋음
664,'좋음'
665,'매우좋음'
666,매우좋음
667,'매우좋음'
668,매우좋음
669,매우좋음
670,'매우좋음'
671,매우좋음
672,좋음
673,매우좋음
674,매우좋음
675,'매우좋음'
676,좋음
677,좋음
678,매우좋음
679,좋음
680,매우좋음
681,매우좋음
682,매우좋음
683,좋음
684,'매우존호음'
685,매우좋음
686,'매우좋음'
687,좋음
688,매우좋음
689,'매우좋음'
690,'좋음'
691,매우좋음
692,'보통'
693,좋음
694,매우좋음
695,매우좋음
696,좋음
697,'매우좋음'
698,'매우좋음'
699,'매우좋음'
700,매우좋음
701,매우좋음
702,리뷰 내용이 제공되지 않았기 때문에 판단할 수 없습니다.
703,좋음
704,좋음
705,매우좋음
706,매우좋음
707,매우좋음
708,'좋음'
709,'매우좋음'
710,'매우좋음'
711,'매우좋음'
712,매우좋음
713,'매우좋음'
714,매우좋음
715,좋음
716,매우좋음
717,매우좋음
718,매우좋음
719,매우좋음
720,매우좋음
721,'좋음'
722,'매우좋음'
723,매우좋음
724,매우좋음
725,'매우좋음'
726,'매우좋음'
727,매우좋음
728,매우좋음
729,매우좋음
730,'매우좋음'
731,매우좋음
732,매우좋음
733,'매우좋음'
734,'매우좋음'
735,매우좋음
736,'매우좋음'
737,좋음
738,'매우좋음'
739,좋음
740,매우좋음
741,'좋음'
742,매우좋음
743,매우좋음
744,매우좋음
745,'매우좋음'
746,'매우좋음'
747,매우좋음
748,매우좋음
749,매우좋음
750,'매우좋음'
751,매우좋음
752,매우좋음
753,'매우좋음'
754,좋음
755,매우좋음
756,'매우좋음'
757,좋음
758,'매우좋음'
759,좋음
760,'보통'
761,매우좋음
762,좋음
763,'매우좋음'
764,매우좋음
765,매우좋음
766,매우좋음
767,좋음
768,좋음
769,매우좋음
770,매우좋음
771,좋음
772,매우좋음
773,좋음
774,매우좋음
775,좋음
776,매우좋음
777,매우좋음
778,'좋음'
779,'좋음'
780,'좋음'
781,'매우좋음'
782,'매우좋음'
783,매우좋음
784,매우좋음
785,좋음
786,좋음
787,좋음
788,좋음
789,좋음
790,'보통'
791,좋음
792,매우좋음
793,매우좋음
794,매우좋음
795,매우좋음
796,매우좋음
797,좋음
798,매우좋음
799,매우좋음
800,매우좋음
801,매우좋음
802,'매우좋음'
803,매우좋음
804,매우좋음
805,'보통'
806,좋음
807,매우좋음
808,매우좋음
809,좋음
810,'좋음'
811,'매우좋음'
812,좋음
813,'매우좋음'
814,좋음
815,'좋음'
816,매우좋음
817,매우좋음
818,좋음
819,매우좋음
820,매우좋음
821,'매우좋음'
822,'좋음'
823,매우좋음
824,매우좋음
825,나쁨
826,좋음
827,매우좋음
828,'매우좋음'
829,매우좋음
830,'매우좋음'
831,매우좋음
832,매우좋음
833,매우좋음
834,매우좋음
835,매우좋음
836,매우좋음
837,매우좋음
838,매우좋음
839,매우좋음
840,'매우좋음'
841,'보통'
842,매우나쁨
843,매우좋음
844,매우좋음
845,매우좋음
846,매우좋음
847,나쁨
848,'매우좋음'
849,매우좋음
850,매우좋음
851,매우좋음
852,좋음
853,매우좋음
854,좋음
855,매우좋음
856,매우좋음
857,좋음
858,좋음
859,'매우좋음'
860,매우좋음
861,매우좋음
862,'매우좋음'
863,'매우좋음'
864,'보통'
865,매우좋음
866,매우좋음
867,매우좋음
868,매우좋음
869,'좋음'
870,매우좋음
871,매우좋음
872,매우좋음
873,좋음
874,매우좋음
875,'매우좋음'
876,매우좋음
877,매우좋음
878,매우좋음
879,'좋음'
880,'매우좋음'
881,좋음
882,'보통'
883,좋음
884,'좋음'
885,매우좋음
886,'매우좋음'
887,좋음
888,좋음
889,'좋음'
890,'좋음'
891,'매우좋음'
892,'좋음'
893,'좋음'
894,좋음
895,매우좋음
896,'좋음'
897,좋음
898,'좋음'
899,매우좋음
900,매우좋음
901,매우좋음
902,매우좋음
903,매우좋음
904,매우좋음
905,'매우좋음'
906,매우좋음
907,매우좋음
908,좋음
909,매우좋음
910,매우좋음
911,매우좋음
912,'좋음'
913,매우좋음
914,'좋음'
915,매우좋음
916,'보통'
917,매우좋음
918,'보통'
919,매우좋음
920,좋음
921,매우좋음
922,'매우좋음'
923,'보통'
924,좋음
925,'좋음'
926,매우좋음
927,매우좋음
928,'매우좋음'
929,매우좋음
930,매우좋음
931,좋음
932,'보통'
933,'좋음'
934,좋음
935,'매우좋음'
936,좋음
937,매우좋음
938,'보통'
939,좋음
940,'매우좋음'
941,'매우좋음'
942,좋음
943,보통
944,매우좋음
945,좋음
946,'매우좋음'
947,좋음
948,매우좋음
949,매우좋음
950,'좋음'
951,매우좋음
952,매우좋음
953,매우좋음
954,'좋음'
955,매우좋음
956,매우좋음
957,'매우좋음'
958,'매우좋음'
959,'매우좋음'
960,매우좋음
961,'매우좋음'
962,좋음
963,'보통'
964,매우좋음
965,매우좋음
966,좋음
967,'매우좋음'
968,매우좋음
969,'매우좋음'
970,'매우좋음'
971,매우좋음
972,매우좋음
973,매우좋음
974,좋음
975,매우좋음
976,매우좋음
977,'매우좋음'
978,'매우좋음'
979,매우좋음
980,좋음
981,'매우좋음'
982,좋음
983,'매우좋음'
984,매우좋음
985,'보통'
986,'매우좋음'
987,매우좋음
988,'매우좋음'
989,'매우좋음'
990,매우좋음
991,'매우좋음'
992,'매우좋음'
993,매우좋음
994,매우좋음
995,매우좋음
996,매우좋음
997,매우좋음
998,매우좋음
999,매우좋음
1000,좋음
1001,매우좋음
1002,'보통'
1003,보통
1004,'좋음'
1005,좋음
1006,매우좋음
1007,매우좋음
1008,매우좋음
1009,'좋음'
1010,좋음
1011,매우좋음
1012,매우좋음
1013,매우좋음
1014,좋음
1015,매우좋음
1016,매우좋음
1017,매우좋음
1018,매우좋음
1019,매우좋음
1020,'좋음'
1021,좋음
1022,좋음
1023,매우좋음
1024,매우좋음
1025,매우좋음
1026,매우좋음
1027,'매우좋음'
1028,매우좋음
1029,매우좋음
1030,'매우좋음'
1031,매우좋음
1032,'매우좋음'
1033,매우좋음
1034,나쁨
1035,'매우좋음'
1036,매우좋음
1037,좋음
1038,매우좋음
1039,'매우좋음'
1040,매우좋음
1041,좋음
1042,'좋음'
1043,매우좋음
1044,좋음
1045,매우좋음
1046,매우좋음
1047,매우좋음
1048,'매우좋음'
1049,좋음
1050,좋음
1051,'매우좋음'
1052,매우좋음
1053,좋음
1054,나쁨
1055,매우좋음
1056,매우좋음
1057,매우좋음
1058,매우좋음
1059,좋음
1060,'보통'
1061,좋음
1062,매우좋음
1063,매우좋음
1064,매우좋음
1065,매우좋음
1066,매우좋음
1067,매우좋음
1068,매우좋음
1069,매우좋음
1070,좋음
1071,'좋음'
1072,매우좋음
1073,'좋음'
1074,'좋음'
1075,매우좋음
1076,매우좋음
1077,매우좋음
1078,매우좋음
1079,매우좋음
1080,매우좋음
1081,'매우좋음'
1082,매우좋음
1083,매우좋음
1084,매우좋음
1085,'매우좋음'
1086,좋음
1087,'매우좋음'
1088,매우좋음
1089,'매우좋음'
1090,'좋음'
1091,매우좋음
1092,'매우좋음'
1093,'좋음'
1094,'매우좋음'
1095,매우좋음
1096,매우좋음
1097,매우좋음
1098,'매우좋음'
1099,매우좋음
1100,좋음
1101,좋음
1102,좋음
1103,좋음
1104,좋음
1105,'매우좋음'
1106,매우좋음
1107,매우좋음
1108,매우좋음
1109,매우좋음
1110,매우좋음
1111,좋음
1112,'좋음'
1113,매우좋음
1114,좋음
1115,'매우좋음'
1116,좋음
1117,매우좋음
1118,'매우좋음'
1119,'매우좋음'
1120,'매우좋음'
1121,'매우좋음'
1122,매우좋음
1123,매우좋음
1124,매우좋음
1125,'매우좋음'
1126,매우좋음
1127,매우좋음
1128,'매우좋음'
1129,좋음
1130,'보통'
1131,좋음
1132,매우좋음
1133,'매우좋음'
1134,매우좋음
1135,매우좋음
1136,'매우좋음'
1137,'매우좋음'
1138,매우좋음
1139,'좋음'
1140,'매우좋음'
1141,좋음
1142,좋음
1143,좋음
1144,'좋음'
1145,매우좋음
1146,'보통'
1147,매우좋음
1148,매우좋음
1149,'보통'
1150,매우좋음
1151,매우좋음
1152,좋음
1153,좋음
1154,'보통'
1155,'매우좋음'
1156,매우좋음
1157,'좋음'
1158,'매우좋음'
1159,좋음
1160,'매우좋음'
1161,'좋음'
1162,'좋음'
1163,좋음
1164,'좋음'
1165,'매우좋음'
1166,좋음
1167,매우좋음
1168,매우좋음
1169,매우좋음
1170,'매우좋음'
1171,'좋음'
1172,좋음
1173,'좋음'
1174,'매우좋음'
1175,좋음
1176,'좋음'
1177,'좋음'
1178,좋음
1179,매우좋음
1180,좋음
1181,'좋음'
1182,'좋음'
1183,좋음
1184,'좋음'
1185,'좋음'
1186,좋음
1187,매우좋음
1188,매우좋음
1189,매우좋음
1190,좋음
1191,'좋음'
1192,'매우좋음'
1193,'좋음'
1194,'매우좋음'
1195,좋음
1196,'좋음'
1197,좋음
1198,좋음
1199,매우좋음
1200,좋음
1201,매우좋음
1202,매우좋음
1203,매우좋음
1204,'매우좋음'
1205,좋음
1206,매우좋음
1207,'매우좋음'
1208,좋음
1209,'매우좋음'
1210,매우좋음
1211,좋음
1212,'좋음'
1213,좋음
1214,매우좋음
1215,좋음
1216,좋음
1217,'매우좋음'
1218,좋음
1219,'매우좋음'
1220,매우좋음
1221,매우좋음
1222,'좋음'
1223,매우좋음
1224,좋음
1225,'좋음'
1226,'좋음'
1227,매우좋음
1228,'좋음'
1229,매우좋음
1230,매우좋음
1231,나쁨
1232,'좋음'
1233,보통
1234,'보통'
1235,'좋음'
1236,매우좋음
1237,좋음
1238,매우좋음
1239,'매우좋음'
1240,'매우좋음'
1241,'매우좋음'
1242,좋음
1243,매우좋음
1244,'매우좋음'
1245,'매우좋음'
1246,매우좋음
1247,좋음
1248,매우좋음
1249,매우좋음
1250,'매우좋음'
1251,'매우좋음'
1252,'매우좋음'
1253,매우좋음
1254,'매우좋음'
1255,매우좋음
1256,'매우좋음'
1257,매우좋음
1258,매우좋음
1259,'매우좋음'
1260,매우좋음
1261,'매우좋음'
1262,매우좋음
1263,좋음
1264,매우좋음
1265,매우좋음
1266,매우좋음
1267,매우좋음
1268,좋음
1269,'매우좋음'
1270,'매우좋음'
1271,매우좋음
1272,매우좋음
1273,'좋음'
1274,매우좋음
1275,매우좋음
1276,매우좋음
1277,매우좋음
1278,매우좋음
1279,매우좋음
1280,매우좋음
1281,'매우좋음'
1282,'매우좋음'
1283,좋음
1284,'좋음'
1285,'좋음'
1286,'좋음'
1287,좋음
1288,'보통'
1289,'보통'
1290,매우좋음
1291,'매우좋음'
1292,'좋음'
1293,좋음
1294,보통
1295,좋음
1296,매우좋음
1297,좋음
1298,좋음
1299,'좋음'
1300,'매우좋음'
1301,좋음
1302,좋음
1303,좋음
1304,매우좋음
1305,좋음
1306,매우좋음
1307,매우좋음
1308,좋음
1309,'좋음'
1310,'좋음'
1311,'매우좋음'
1312,좋음
1313,보통
1314,매우좋음
1315,매우좋음
1316,매우좋음
1317,매우좋음
1318,좋음
1319,매우좋음
1320,'매우좋음'
1321,매우좋음
1322,'좋음'
1323,매우좋음
1324,매우좋음
1325,좋음
1326,좋음
1327,매우좋음
1328,'매우좋음'
1329,'매우좋음'
1330,'보통'
1331,좋음
1332,'보통'
1333,'매우좋음'
1334,'좋음'
1335,'좋음'
1336,'좋음'
1337,좋음
1338,좋음
1339,좋음
1340,좋음
1341,매우좋음
1342,매우좋음
1343,매우좋음
1344,'보통'
1345,'매우좋음'
1346,좋음
1347,매우좋음
1348,'보통'
1349,좋음
1350,매우좋음
1351,매우좋음
1352,매우좋음
1353,매우좋음
1354,매우좋음
1355,좋음
1356,매우좋음
1357,매우좋음
1358,매우좋음
1359,좋음
1360,매우좋음
1361,매우좋음
1362,매우좋음
1363,매우좋음
1364,매우좋음
1365,'매우좋음'
1366,매우좋음
1367,매우좋음
1368,좋음
1369,좋음
1370,좋음
1371,매우좋음
1372,좋음
1373,매우좋음
1374,매우좋음
1375,좋음
1376,'매우좋음'
1377,'매우좋음'
1378,매우좋음
1379,매우좋음
1380,매우좋음
1381,매우좋음
1382,'매우좋음'
1383,매우좋음
1384,매우좋음
1385,'매우좋음'
1386,'좋음'
1387,'좋음'
1388,'좋음'
1389,좋음
1390,매우좋음
1391,매우좋음
1392,'좋음'
1393,매우좋음
1394,'보통'
1395,매우좋음
1396,'매우좋음'
1397,매우좋음
1398,매우좋음
1399,매우좋음
1400,매우좋음
1401,매우좋음
1402,'매우좋음'
1403,매우좋음
1404,매우좋음
1405,좋음
1406,'좋음'
1407,'좋음'
1408,'좋음'
1409,'매우좋음'
1410,매우좋음
1411,매우좋음
1412,좋음
1413,매우좋음
1414,보통
1415,매우좋음
1416,'매우좋음'
1417,매우좋음
1418,매우좋음
1419,매우좋음
1420,매우좋음
1421,좋음
1422,매우좋음
1423,좋음
1424,'좋음'
1425,'좋음'
1426,좋음
1427,매우좋음
1428,매우좋음
1429,매우좋음
1430,'매우좋음'
1431,'매우좋음'
1432,매우좋음
1433,매우좋음
1434,매우좋음
1435,매우좋음
1436,좋음
1437,좋음
1438,'매우좋음'
1439,좋음
1440,좋음
1441,'매우좋음'
1442,매우좋음
1443,'매우좋음'
1444,매우좋음
1445,좋음
1446,좋음
1447,'매우좋음'
1448,좋음
1449,매우좋음
1450,매우좋음
1451,'보통'
1452,'매우좋음'
1453,매우좋음
1454,매우좋음
1455,매우좋음
1456,매우좋음
1457,매우좋음
1458,매우좋음
1459,좋음
1460,매우좋음
1461,매우좋음
1462,매우좋음
1463,'매우좋음'
1464,'좋음'
1465,'매우좋음'
1466,매우좋음
1467,좋음
1468,'매우좋음'
1469,좋음
1470,좋음
1471,'좋음'
1472,'좋음'
1473,'좋음'
1474,매우좋음
1475,매우좋음
1476,매우좋음
1477,'좋음'
1478,좋음
1479,매우좋음
1480,매우좋음
1481,매우좋음
1482,매우좋음
1483,'매우좋음'
1484,매우좋음
1485,좋음
1486,좋음
1487,좋음
1488,'매우존함'
1489,매우좋음
1490,좋음
1491,'매우좋음'
1492,좋음
1493,'보통'
1494,매우좋음
1495,매우좋음
1496,좋음
1497,매우좋음
1498,좋음
1499,매우좋음
1500,'매우좋음'
1501,'매우좋음'
1502,'매우좋음'
1503,'매우좋음'
1504,보통
1505,'보통'
1506,매우좋음
1507,좋음
1508,매우좋음
1509,매우좋음
1510,매우좋음
1511,'매우좋음'
1512,매우좋음
1513,'매우좋음'
1514,매우좋음
1515,'보통'
1516,매우좋음
1517,매우좋음
1518,매우좋음
1519,'매우좋음'
1520,'보통'
1521,매우좋음
1522,보통
1523,매우좋음
1524,'좋음'
1525,'매우좋음'
1526,'매우좋음'
1527,좋음
1528,'매우좋음'
1529,매우좋음
1530,매우좋음
1531,'좋음'
1532,매우좋음
1533,매우좋음
1534,좋음
1535,'매우좋음'
1536,좋음
1537,매우좋음
1538,매우좋음
1539,매우좋음
1540,'보통'
1541,'매우좋음'
1542,'매우좋음'
1543,'보통'
1544,좋음
1545,좋음
1546,'매우좋음'
1547,좋음
1548,'매우좋음'
1549,매우좋음
1550,'매우좋음'
1551,'매우좋음'
1552,'보통'
1553,'보통'
1554,매우좋음
1555,좋음
1556,보통
1557,'매우좋음'
1558,'매우좋음'
1559,좋음
1560,'보통'
1561,'매우좋음'
1562,'보통'
1563,'보통'
1564,매우좋음
1565,매우좋음
1566,매우좋음
1567,'매우좋음'
1568,매우좋음
1569,'매우좋음'
1570,좋음
1571,매우좋음
1572,'좋음'
1573,'매우좋음'
1574,좋음
1575,매우좋음
1576,매우좋음
1577,매우좋음
1578,'매우좋음'
1579,매우좋음
1580,매우좋음
1581,매우좋음
1582,매우좋음
1583,'매우좋음'
1584,매우좋음
1585,매우좋음
1586,좋음
1587,좋음
1588,'좋음'
1589,'매우좋음'
1590,'매우좋음'
1591,'좋음'
1592,'매우좋음'
1593,'좋음'
1594,매우좋음
1595,매우좋음
1596,'매우좋음'
1597,매우좋음
1598,매우좋음
1599,좋음
1600,매우좋음
1601,좋음
1602,매우좋음
1603,좋음
1604,'매우좋음'
1605,'매우좋음'
1606,매우좋음
1607,매우좋음
1608,'매우좋음'
1609,매우좋음
1610,'매우좋음'
1611,매우좋음
1612,좋음
1613,매우좋음
1614,좋음
1615,'좋음'
1616,좋음
1617,'매우좋음'
1618,'매우좋음'
1619,매우좋음
1620,매우좋음
1621,좋음
1622,매우좋음
1623,좋음
1624,매우좋음
1625,'매우좋음'
1626,좋음
1627,매우좋음
1628,'매우좋음'
1629,'매우좋음'
1630,매우좋음
1631,매우좋음
1632,좋음
1633,매우좋음
1634,좋음
1635,좋음
1636,'매우좋음'
1637,좋음
1638,'좋음'
1639,좋음
1640,'매우좋음'
1641,매우좋음
1642,'매우좋음'
1643,좋음
1644,좋음
1645,매우좋음
1646,매우좋음
1647,'보통'
1648,'매우좋음'
1649,매우좋음
1650,좋음
1651,매우좋음
1652,매우좋음
1653,매우좋음
1654,매우좋음
1655,매우좋음
1656,매우좋음
1657,매우좋음
1658,매우좋음
1659,매우좋음
1660,보통
1661,'매우좋음'
1662,매우좋음
1663,'좋음'
1664,매우좋음
1665,매우좋음
1666,'매우좋음'
1667,매우좋음
1668,좋음
1669,좋음
1670,좋음
1671,매우좋음
1672,매우좋음
1673,'매우좋음'
1674,매우좋음
1675,매우좋음
1676,매우좋음
1677,'매우좋음'
1678,'매우좋음'
1679,매우좋음
1680,'매우좋음'
1681,매우좋음
1682,매우좋음
1683,매우좋음
1684,매우좋음
1685,매우좋음
1686,매우좋음
1687,매우좋음
1688,매우좋음
1689,'매우좋음'
1690,매우좋음
1691,'매우좋음'
1692,좋음
1693,매우좋음
1694,매우좋음
1695,매우좋음
1696,'매우좋음'
1697,매우좋음
1698,좋음
1699,매우좋음
1700,'매우좋음'
1701,좋음
1702,'보통'
1703,매우좋음
1704,매우좋음
1705,매우좋음
1706,매우좋음
1707,좋음
1708,'매우좋음'
1709,'좋음'
1710,'매우좋음'
1711,매우좋음
1712,매우좋음
1713,'좋음'
1714,매우좋음
1715,'매우좋음'
1716,'보통'
1717,매우좋음
1718,좋음
1719,좋음
1720,'매우좋음'
1721,매우좋음
1722,'좋음'
1723,좋음
1724,좋음
1725,리뷰 내용이 제공되지 않았으므로 평가를 할 수 없습니다.
1726,매우좋음
1727,보통
1728,'매우좋음'
1729,매우좋음
1730,매우좋음
1731,'매우좋음'
1732,'좋음'
1733,'매우좋음'
1734,'보통'
1735,'좋음'
1736,매우좋음
1737,매우좋음
1738,좋음
1739,'매우좋음'
1740,'매우좋음'
1741,'매우좋음'
1742,매우좋음
1743,'매우좋음'
1744,매우좋음
1745,좋음
1746,매우좋음
1747,매우좋음
1748,좋음
1749,매우좋음
1750,좋음
1751,매우좋음
1752,매우좋음
1753,매우좋음
1754,'매우좋음'
1755,매우좋음
1756,매우좋음
1757,매우좋음
1758,좋음
1759,좋음
1760,좋음
1761,좋음
1762,좋음
1763,매우좋음
1764,좋음
1765,매우좋음
1766,매우좋음
1767,보통
1768,'좋음'
1769,'좋음'
1770,'좋음'
1771,매우좋음
1772,매우좋음
1773,매우좋음
1774,좋음
1775,'매우좋음'
1776,'매우좋음'
1777,'좋음'
1778,매우좋음
1779,매우좋음
1780,매우좋음
1781,매우좋음
1782,좋음
1783,'매우좋음'
1784,'매우좋음'
1785,'매우좋음'
1786,'매우좋음'
1787,좋음
1788,매우좋음
1789,좋음
1790,'좋음'
1791,'좋음'
1792,'매우좋음'
1793,좋음
1794,좋음
1795,매우좋음
1796,매우좋음
1797,매우좋음
1798,매우좋음
1799,매우좋음
1800,'좋음'
1801,좋음
1802,매우좋음
1803,매우좋음
1804,'매우좋음'
1805,'매우좋음'
1806,매우좋음
1807,'좋음'
1808,매우좋음
1809,'보통'
1810,매우좋음
1811,'좋음'
1812,좋음
1813,매우좋음
1814,좋음
1815,매우좋음
1816,매우좋음
1817,매우좋음
1818,좋음
1819,매우좋음
1820,좋음
1821,좋음
1822,매우좋음
1823,매우좋음
1824,매우좋음
1825,매우좋음
1826,좋음
1827,매우좋음
1828,좋음
1829,매우좋음
1830,매우좋음
1831,좋음
1832,좋음
1833,매우좋음
1834,매우좋음
1835,매우좋음
1836,매우좋음
1837,'좋음'
1838,'매우좋음'
1839,'매우좋음'
1840,좋음
1841,좋음
1842,매우좋음
1843,좋음
1844,매우좋음
1845,좋음
1846,좋음
1847,매우좋음
1848,좋음
1849,매우좋음
1850,매우좋음
1851,매우좋음
1852,'매우좋음'
1853,매우좋음
1854,매우좋음
1855,매우좋음
1856,매우좋음
1857,'좋음'
1858,'매우좋음'
1859,매우좋음
1860,좋음
1861,매우좋음
1862,'좋음'
1863,매우좋음
1864,좋음
1865,매우좋음
1866,매우좋음
1867,매우좋음
1868,매우좋음
1869,매우좋음
1870,좋음
1871,'매우좋음'
1872,매우좋음
1873,매우좋음
1874,'좋음'
1875,좋음
1876,매우좋음
1877,보통
1878,'매우좋음'
1879,'매우좋음'
1880,매우좋음
1881,매우좋음
1882,매우좋음
1883,'매우좋음'
1884,매우좋음
1885,매우좋음
1886,매우좋음
1887,매우좋음
1888,'좋음'
1889,매우좋음
1890,매우좋음
1891,'매우좋음'
1892,좋음
1893,좋음
1894,'좋음'
1895,매우좋음
1896,매우좋음
1897,'매우좋음'
1898,'매우좋음'
1899,좋음
1900,'매우좋음'
1901,'보통'
1902,'좋음'
1903,좋음
1904,좋음
1905,매우좋음
1906,'매우좋음'
1907,매우좋음
1908,매우좋음
1909,매우좋음
1910,나쁨
1911,'매우나쁨'
1912,'매우좋음'
1913,매우좋음
1914,매우좋음
1915,매우좋음
1916,매우좋음
1917,매우좋음
1918,매우좋음
1919,매우좋음
1920,매우좋음
1921,매우좋음
1922,매우좋음
1923,매우좋음
1924,매우좋음
1925,'매우좋음'
1926,'매우좋음'
1927,매우좋음
1928,매우좋음
1929,매우좋음
1930,매우좋음
1931,매우좋음
1932,매우좋음
1933,매우좋음
1934,매우좋음
1935,'매우좋음'
1936,매우좋음
1937,매우좋음
1938,'매우좋음'
1939,매우좋음
1940,매우좋음
1941,매우좋음
1942,매우좋음
1943,'매우좋음'
1944,매우좋음
1945,좋음
1946,좋음
1947,좋음
1948,매우좋음
1949,매우좋음
1950,좋음
1951,'매우좋음'
1952,'매우좋음'
1953,'보통'
1954,매우좋음
1955,매우좋음
1956,'좋음'
1957,'매우좋음'
1958,매우좋음
1959,'좋음'
1960,매우좋음
1961,매우좋음
1962,매우좋음
1963,'매우좋음'
1964,매우좋음
1965,매우좋음
1966,'매우좋음'
1967,좋음
1968,매우좋음
1969,매우좋음
1970,매우좋음
1971,좋음
1972,좋음
1973,매우좋음
1974,'좋음'
1975,'좋음'
1976,매우좋음
1977,'좋음'
1978,매우좋음
1979,매우좋음
1980,매우좋음
1981,좋음
1982,'매우좋음'
1983,좋음
1984,보통
1985,매우좋음
1986,'매우좋음'
1987,매우좋음
1988,매우좋음
1989,매우좋음
1990,매우좋음
1991,'좋음'
1992,매우좋음
1993,좋음
1994,매우좋음
1995,'좋음'
1996,'매우좋음'
1997,'보통'
1998,좋음
1999,'매우좋음'
2000,'매우좋음'
2001,좋음
2002,'좋음'
2003,매우좋음
2004,'좋음'
2005,좋음
2006,'좋음'
2007,좋음
2008,매우좋음
2009,'매우좋음'
2010,매우좋음
2011,'좋음'
2012,'매우좋음'
2013,'매우좋음'
2014,좋음
2015,매우좋음
2016,'매우좋음'
2017,매우좋음
2018,'매우좋음'
2019,매우좋음
2020,매우좋음
2021,매우좋음
2022,'보통'
2023,'보통'
2024,'보통'
2025,'매우좋음'
2026,'좋음'
2027,'매우좋음'
2028,'매우좋음'
2029,매우좋음
2030,'보통'
2031,'매우좋음'
2032,'좋음'
2033,'매우좋음'
2034,매우좋음
2035,매우좋음
2036,매우좋음
2037,좋음
2038,매우좋음
2039,'좋음'
2040,매우좋음
2041,매우좋음
2042,매우좋음
2043,매우좋음
2044,매우좋음
2045,'좋음'
2046,좋음
2047,매우좋음
2048,좋음
2049,매우좋음
2050,'매우좋음'
2051,매우좋음
2052,매우좋음
2053,매우좋음
2054,매우좋음
2055,매우좋음
2056,매우좋음
2057,'좋음'
2058,좋음
2059,좋음
2060,매우좋음
2061,매우좋음
2062,매우좋음
2063,매우좋음
2064,매우좋음
2065,좋음
2066,'매우좋음'
2067,매우좋음
2068,좋음
2069,매우좋음
2070,'매우좋음'
2071,매우좋음
2072,매우좋음
2073,매우좋음
2074,매우좋음
2075,매우좋음
2076,매우좋음
2077,'좋음'
2078,좋음
2079,좋음
2080,'좋음'
2081,매우좋음
2082,매우좋음
2083,매우좋음
2084,매우좋음
2085,매우좋음
2086,매우좋음
2087,매우좋음
2088,매우좋음
2089,매우좋음
2090,매우좋음
2091,매우좋음
2092,좋음
2093,매우좋음
2094,매우좋음
2095,매우좋음
2096,좋음
2097,보통
2098,좋음
2099,좋음
2100,좋음
2101,매우좋음
2102,좋음
2103,좋음
2104,매우좋음
2105,'보통'
2106,매우좋음
2107,'좋음'
2108,'보통'
2109,'매우좋음'
2110,'매우좋음'
2111,좋음
2112,매우좋음
2113,매우좋음
2114,매우좋음
2115,좋음
2116,매우좋음
2117,좋음
2118,매우좋음
2119,매우좋음
2120,매우좋음
2121,매우좋음
2122,매우좋음
2123,매우좋음
2124,좋음
2125,'매우좋음'
2126,매우좋음
2127,'좋음'
2128,좋음
2129,좋음
2130,'매우좋음'
2131,'매우좋음'
2132,매우좋음
2133,'매우좋음'
2134,'좋음'
2135,매우좋음
2136,매우좋음
2137,보통
2138,매우좋음
2139,매우좋음
2140,매우좋음
2141,매우좋음
2142,매우좋음
2143,매우좋음
2144,매우좋음
2145,좋음
2146,매우좋음
2147,'좋음'
2148,좋음
2149,매우좋음
2150,매우좋음
2151,매우좋음
2152,'보통'
2153,'좋음'
2154,좋음
2155,좋음
2156,매우좋음
2157,매우좋음
2158,좋음
2159,'좋음'
2160,매우좋음
2161,매우좋음
2162,매우좋음
2163,매우좋음
2164,매우좋음
2165,매우좋음
2166,매우좋음
2167,매우좋음
2168,매우좋음
2169,매우좋음
2170,매우좋음
2171,좋음
2172,매우좋음
2173,'매우좋음'
2174,'매우좋음'
2175,매우좋음
2176,매우좋음
2177,매우좋음
2178,'매우좋음'
2179,매우좋음
2180,매우나쁨
2181,'매우좋음'
2182,좋음
2183,좋음
2184,매우좋음
2185,매우좋음
2186,매우좋음
2187,'좋음'
2188,좋음
2189,매우좋음
2190,매우좋음
2191,매우좋음
2192,'매우좋음'
2193,매우좋음
2194,좋음
2195,매우좋음
2196,매우좋음
2197,좋음
2198,'매우좋음'
2199,매우좋음
2200,매우좋음
2201,좋음
2202,매우좋음
2203,좋음
2204,매우좋음
2205,'매우좋음'
2206,'매우좋음'
2207,'매우좋음'
2208,'매우좋음'
2209,'매우좋음'
2210,매우좋음
2211,매우좋음
2212,좋음
2213,'좋음'
2214,좋음
2215,매우좋음
2216,'매우좋음'
2217,매우좋음
2218,'매우좋음'
2219,'매우좋음'
2220,좋음
2221,매우좋음
2222,좋음
2223,좋음
2224,'매우좋음'
2225,매우좋음
2226,매우좋음
2227,'좋음'
2228,매우좋음
2229,'좋음'
2230,매우좋음
2231,매우좋음
2232,매우좋음
2233,매우좋음
2234,'매우좋음'
2235,좋음
2236,'매우좋음'
2237,'매우좋음'
2238,'매우좋음'
2239,매우좋음
2240,매우좋음
2241,'매우좋음'
2242,매우좋음
2243,'매우좋음'
2244,매우좋음
2245,매우좋음
2246,매우좋음
2247,'매우좋음'
2248,매우좋음
2249,매우좋음
2250,매우좋음
2251,매우좋음
2252,매우좋음
2253,'매우좋음'
2254,매우좋음
2255,좋음
2256,'좋음'
2257,매우좋음
2258,매우좋음
2259,매우좋음
2260,좋음
2261,매우좋음
2262,매우좋음
2263,매우좋음
2264,'매우좋음'
2265,매우좋음
2266,매우좋음
2267,매우좋음
2268,매우좋음
2269,좋음
2270,'매우좋음'
2271,매우좋음
2272,매우좋음
2273,매우좋음
2274,'매우좋음'
2275,매우좋음
2276,매우좋음
2277,'매우좋음'
2278,매우좋음
2279,매우좋음
2280,좋음
2281,매우좋음
2282,매우좋음
2283,'매우좋음'
2284,'매우좋음'
2285,매우좋음
2286,'매우좋음'
2287,매우좋음
2288,매우좋음
2289,'매우좋음'
2290,좋음
2291,매우좋음
2292,매우좋음
2293,매우좋음
2294,'매우좋음'
2295,매우좋음
2296,매우좋음
2297,'매우좋음'
2298,매우좋음
2299,매우좋음
2300,좋음
2301,매우좋음
2302,매우좋음
2303,매우좋음
2304,'매우좋음'
2305,매우좋음
2306,매우좋음
2307,'보통'
2308,매우좋음
2309,매우좋음
2310,매우좋음
2311,'매우좋음'
2312,'매우좋음'
2313,'매우좋음'
2314,'매우좋음'
2315,좋음
2316,매우좋음
2317,매우좋음
2318,매우좋음
2319,'매우좋음'
2320,매우좋음
2321,좋음
2322,좋음
2323,매우좋음
2324,'매우좋음'
2325,매우좋음
2326,매우좋음
2327,좋음
2328,매우좋음
2329,매우좋음
2330,좋음
2331,'매우좋음'
2332,매우좋음
2333,매우좋음
2334,좋음
2335,'좋음'
2336,매우좋음
2337,'좋음'
2338,매우좋음
2339,'매우좋음'
2340,'좋음'
2341,매우좋음
2342,'매우좋음'
2343,좋음
2344,'매우좋음'
2345,매우좋음
2346,좋음
2347,'좋음'
2348,'매우좋음'
2349,좋음
2350,매우좋음
2351,'좋음'
2352,'매우좋음'
2353,'매우좋음'
2354,'보통'
2355,'좋음'
2356,매우좋음
2357,좋음
2358,매우좋음
2359,'매우좋음'
2360,매우좋음
2361,매우좋음
2362,좋음
2363,좋음
2364,좋음
2365,좋음
2366,매우좋음
2367,매우좋음
2368,매우좋음
2369,'좋음'
2370,좋음
2371,매우좋음
2372,좋음
2373,매우좋음
2374,'매우좋음'
2375,매우좋음
2376,좋음
2377,'매우좋음'
2378,매우좋음
2379,좋음
2380,'매우좋음'
2381,매우좋음
2382,매우좋음
2383,매우좋음
2384,매우좋음
2385,좋음
2386,'좋음'
2387,매우좋음
2388,'매우좋음'
2389,'매우좋음'
2390,매우좋음
2391,좋음
2392,좋음
2393,'매우좋음'
2394,매우좋음
2395,매우좋음
2396,'매우좋음'
2397,매우좋음
2398,매우좋음
2399,'좋음'
2400,'매우좋음'
2401,매우좋음
2402,좋음
2403,매우좋음
2404,'매우좋음'
2405,좋음
2406,매우좋음
2407,매우좋음
2408,매우좋음
2409,매우좋음
2410,'매우좋음'
2411,매우좋음
2412,'보통'
2413,'보통'
2414,매우좋음
2415,좋음
2416,'매우좋음'
2417,매우좋음
2418,매우좋음
2419,매우좋음
2420,매우좋음
2421,'좋음'
2422,매우좋음
2423,매우좋음
2424,'좋음'
2425,'좋음'
2426,'좋음'
2427,'좋음'
2428,'좋음'
2429,'좋음'
2430,'좋음'
2431,'좋음'
2432,'좋음'
2433,'좋음'
2434,매우좋음
2435,매우좋음
2436,'좋음'
2437,매우좋음
2438,매우좋음
2439,'좋음'
2440,'매우좋음'
2441,좋음
2442,'매우좋음'
2443,매우좋음
2444,좋음
2445,매우좋음
2446,좋음
2447,매우좋음
2448,매우좋음
2449,매우좋음
2450,매우좋음
2451,매우좋음
2452,'좋음'
2453,'보통'
2454,좋음
2455,매우좋음
2456,매우좋음
2457,'매우좋음'
2458,'좋음'
2459,'보통'
2460,매우좋음
2461,좋음
2462,'보통'
2463,'보통'
2464,'매우좋음'
2465,'매우좋음'
2466,매우좋음
2467,좋음
2468,매우좋음
2469,'매우좋음'
2470,매우좋음
2471,좋음
2472,매우좋음
2473,좋음
2474,매우좋음
2475,매우좋음
2476,매우좋음
2477,매우좋음
2478,매우좋음
2479,'매우좋음'
2480,'좋음'
2481,매우좋음
2482,'보통'
2483,매우좋음
2484,'좋음'
2485,매우좋음
2486,'매우좋음'
2487,매우좋음
2488,'좋음'
2489,좋음
2490,'매우좋음'
2491,매우좋음
2492,매우좋음
2493,매우좋음
2494,'좋음'
2495,매우좋음
2496,매우좋음
2497,매우좋음
2498,'매우좋음'
2499,좋음
2500,좋음
2501,매우좋음
2502,보통
2503,매우좋음
2504,좋음
2505,매우좋음
2506,좋음
2507,매우좋음
2508,좋음
2509,좋음
2510,매우좋음
2511,매우좋음
2512,매우좋음
2513,매우좋음
2514,'좋음'
2515,'매우좋음'
2516,매우좋음
2517,매우좋음
2518,매우좋음
2519,좋음
2520,매우좋음
2521,'좋음'
2522,'매우좋음'
2523,매우좋음
2524,'매우좋음'
2525,'매우좋음'
2526,'매우좋음'
2527,'좋음'
2528,'좋음'
2529,좋음
2530,'매우좋음'
2531,매우좋음
2532,좋음
2533,좋음
2534,'좋음'
2535,좋음
2536,매우좋음
2537,매우좋음
2538,'보통'
2539,'매우좋음'
2540,'좋음'
2541,매우좋음
2542,매우좋음
2543,매우좋음
2544,매우좋음
2545,매우좋음
2546,매우좋음
2547,'매우좋음'
2548,좋음
2549,'좋음'
2550,'매우좋음'
2551,매우좋음
2552,'매우좋음'
2553,'매우좋음'
2554,매우좋음
2555,'매우좋음'
2556,'매우좋음'
2557,좋음
2558,매우좋음
2559,매우좋음
2560,매우좋음
2561,'보통'
2562,좋음
2563,좋음
2564,'좋음'
2565,좋음
2566,매우좋음
2567,매우좋음
2568,매우좋음
2569,매우좋음
2570,'매우좋음'
2571,매우좋음
2572,매우좋음
2573,'매우좋음'
2574,'좋음'
2575,매우좋음
2576,매우좋음
2577,매우좋음
2578,매우좋음
2579,'좋음'
2580,매우좋음
2581,좋음
2582,'매우좋음'
2583,매우좋음
2584,매우좋음
2585,좋음
2586,매우좋음
2587,매우좋음
2588,매우좋음
2589,매우좋음
2590,매우좋음
2591,매우좋음
2592,매우좋음
2593,매우좋음
2594,매우좋음
2595,매우좋음
2596,매우좋음
2597,좋음
2598,'매우좋음'
2599,'좋음'
2600,매우좋음
2601,'매우좋음'
2602,매우좋음
2603,'좋음'
2604,좋음
2605,'매우좋음'
2606,매우좋음
2607,매우좋음
2608,매우좋음
2609,매우좋음
2610,'매우좋음'
2611,매우좋음
2612,매우좋음
2613,매우좋음
2614,매우좋음
2615,매우좋음
2616,'매우좋음'
2617,매우좋음
2618,매우좋음
2619,매우좋음
2620,매우좋음
2621,매우좋음
2622,'좋음'
2623,매우좋음
2624,매우좋음
2625,매우좋음
2626,좋음
2627,매우좋음
2628,'좋음'
2629,좋음
2630,'매우좋음'
2631,'매우좋음'
2632,좋음
2633,매우좋음
2634,매우좋음
2635,매우좋음
2636,매우좋음
2637,좋음
2638,후기 내용이 제공되지 않았습니다. 후기 내용을 제공해주세요.
2639,매우좋음
2640,매우좋음
2641,좋음
2642,매우좋음
2643,좋음
2644,'매우좋음'
2645,매우좋음
2646,'보통'
2647,'매우좋음'
2648,'매우좋음'
2649,매우좋음
2650,매우좋음
2651,'매우좋음'
2652,'매우좋음'
2653,매우좋음
2654,매우좋음
2655,'매우좋음'
2656,'매우좋음'
2657,매우좋음
2658,좋음
2659,좋음
2660,좋음
2661,'매우좋음'
2662,'매우좋음'
2663,매우좋음
2664,매우좋음
2665,매우좋음
2666,매우좋음
2667,매우좋음
2668,'매우좋음'
2669,좋음
2670,매우좋음
2671,매우좋음
2672,매우좋음
2673,매우좋음
2674,'좋음'
2675,매우좋음
2676,매우좋음
2677,'보통'
2678,'매우좋음'
2679,매우좋음
2680,매우좋음
2681,'좋음'
2682,매우좋음
2683,'매우좋음'
2684,'매우좋음'
2685,'매우좋음'
2686,좋음
2687,'매우좋음'
2688,매우좋음
2689,매우좋음
2690,'좋음'
2691,매우좋음
2692,'좋음'
2693,매우좋음
2694,매우좋음
2695,'보통'
2696,매우좋음
2697,매우좋음
2698,매우좋음
2699,매우좋음
2700,매우좋음
2701,'매우좋음'
2702,'매우좋음'
2703,매우좋음
2704,'매우좋음'
2705,'매우좋음'
2706,좋음
2707,'좋음'
2708,매우좋음
2709,매우좋음
2710,'보통'
2711,'매우좋음'
2712,'보통'
2713,매우좋음
2714,'좋음'
2715,'매우좋음'
2716,매우좋음
2717,'매우좋음'
2718,매우좋음
2719,'보통'
2720,매우좋음
2721,좋음
2722,매우좋음
2723,매우좋음
2724,좋음
2725,'매우좋음'
2726,'매우존함'
2727,'좋음'
2728,매우좋음
2729,매우좋음
2730,'좋음'
2731,'매우좋음'
2732,'보통'
2733,매우좋음
2734,'좋음'
2735,'좋음'
2736,매우좋음
2737,'좋음'
2738,매우좋음
2739,'보통'
2740,'보통'
2741,매우좋음
2742,매우좋음
2743,매우좋음
2744,좋음
2745,좋음
2746,매우좋음
2747,매우좋음
2748,매우좋음
2749,매우좋음
2750,매우좋음
2751,매우좋음
2752,매우좋음
2753,매우좋음
2754,좋음
2755,'매우좋음'
2756,'보통'
2757,매우좋음
2758,매우좋음
2759,매우좋음
2760,매우좋음
2761,매우좋음
2762,매우좋음
2763,매우좋음
2764,'매우좋음'
2765,좋음
2766,매우좋음
2767,매우좋음
2768,좋음
2769,매우좋음
2770,매우좋음
2771,좋음
2772,매우좋음
2773,매우좋음
2774,매우좋음
2775,'좋음'
2776,'좋음'
2777,매우좋음
2778,매우좋음
2779,'매우좋음'
2780,'좋음'
2781,'매우좋음'
2782,좋음
2783,매우좋음
2784,좋음
2785,'매우좋음'
2786,'매우좋음'
2787,'매우좋음'
2788,'매우좋음'
2789,매우좋음
2790,매우좋음
2791,매우좋음
2792,매우좋음
2793,'보통'
2794,'나쁨'
2795,매우좋음
2796,매우좋음
2797,좋음
2798,매우좋음
2799,'매우좋음'
2800,좋음
2801,매우좋음
2802,매우좋음
2803,매우좋음
2804,매우좋음
2805,'좋음'
2806,매우좋음
2807,매우좋음
2808,매우좋음
2809,'매우좋음'
2810,좋음
2811,'매우좋음'
2812,매우좋음
2813,좋음
2814,매우좋음
2815,매우좋음
2816,'매우좋음'
2817,'매우좋음'
2818,'매우좋음'
2819,매우좋음
2820,매우좋음
2821,매우좋음
2822,좋음
2823,'매우좋음'
2824,매우좋음
2825,'좋음'
2826,'좋음'
2827,'매우좋음'
2828,'좋음'
2829,매우좋음
2830,'좋음'
2831,매우좋음
2832,'매우좋음'
2833,좋음
2834,좋음
2835,좋음
2836,좋음
2837,매우좋음
2838,'매우좋음'
2839,매우좋음
2840,매우좋음
2841,'매우좋음'
2842,'매우좋음'
2843,좋음
2844,매우좋음
2845,매우좋음
2846,매우좋음
2847,좋음
2848,매우좋음
2849,좋음
2850,'매우좋음'
2851,매우좋음
2852,좋음
2853,매우좋음
2854,매우좋음
2855,좋음
2856,매우좋음
2857,매우좋음
2858,'매우좋음'
2859,'좋음'
2860,매우좋음
2861,매우좋음
2862,'매우좋음'
2863,매우좋음
2864,'보통'
2865,매우좋음
2866,매우좋음
2867,좋음
2868,좋음
2869,좋음
2870,'보통'
2871,매우좋음
2872,'좋음'
2873,좋음
2874,매우좋음
2875,매우좋음
2876,매우좋음
2877,매우좋음
2878,좋음
2879,매우좋음
2880,'좋음'
2881,좋음
2882,좋음
2883,매우좋음
2884,매우좋음
2885,'매우좋음'
2886,'좋음'
2887,보통
2888,매우좋음
2889,매우좋음
2890,매우좋음
2891,'매우좋음'
2892,매우좋음
2893,매우좋음
2894,'매우좋음'
2895,'매우좋음'
2896,매우좋음
2897,매우좋음
2898,'매우좋음'
2899,'좋음'
2900,매우좋음
2901,좋음
2902,매우좋음
2903,'보통'
2904,매우좋음
2905,매우좋음
2906,'보통'
2907,매우좋음
2908,'매우좋음'
2909,매우좋음
2910,매우좋음
2911,매우좋음
2912,'좋음'
2913,매우좋음
2914,매우좋음
2915,매우좋음
2916,'매우좋음'
2917,매우좋음
2918,좋음
2919,매우좋음
2920,매우좋음
2921,매우좋음
2922,매우좋음
2923,좋음
2924,'보통'
2925,매우좋음
2926,매우좋음
2927,매우좋음
2928,'매우좋음'
2929,'매우좋음'
2930,'매우좋음'
2931,매우좋음
2932,매우좋음
2933,매우좋음
2934,매우좋음
2935,매우좋음
2936,좋음
2937,'매우좋음'
2938,'매우좋음'
2939,'좋음'
2940,매우좋음
2941,매우좋음
2942,매우좋음
2943,좋음
2944,'보통'
2945,매우좋음
2946,매우좋음
2947,매우좋음
2948,'매우좋음'
2949,'매우좋음'
2950,'매우좋음'
2951,매우좋음
2952,매우좋음
2953,매우좋음
2954,매우좋음
2955,좋음
2956,'매우좋음'
2957,좋음
2958,'매우좋음'
2959,'매우좋음'
2960,매우좋음
2961,좋음
2962,매우좋음
2963,'좋음'
2964,좋음
2965,매우좋음
2966,좋음
2967,매우좋음
2968,매우좋음
2969,매우좋음
2970,매우좋음
2971,매우좋음
2972,매우좋음
2973,매우좋음
2974,매우좋음
2975,'매우좋음'
2976,매우좋음
2977,좋음
2978,좋음
2979,매우좋음
2980,매우좋음
2981,매우좋음
2982,'매우좋음'
2983,좋음
2984,좋음
2985,매우좋음
2986,'매우좋음'
2987,좋음
2988,매우좋음
2989,'매우좋음'
2990,매우좋음
2991,'매우좋음'
2992,'매우좋음'
2993,'매우좋음'
2994,매우좋음
2995,좋음
2996,매우좋음
2997,매우좋음
2998,매우좋음
2999,매우좋음
3000,매우좋음
3001,매우좋음
3002,매우좋음
3003,'매우좋음'
3004,좋음
3005,매우좋음
3006,'좋음'
3007,좋음
3008,'매우좋음'
3009,'매우좋음'
3010,매우좋음
3011,매우좋음
3012,매우좋음
3013,매우좋음
3014,매우좋음
3015,좋음
3016,매우좋음
3017,좋음
3018,'좋음'
3019,'보통'
3020,좋음
3021,'좋음'
3022,'매우좋음'
3023,매우좋음
3024,좋음
3025,좋음
3026,매우좋음
3027,매우좋음
3028,매우좋음
3029,매우좋음
3030,매우좋음
3031,매우좋음
3032,좋음
3033,'좋음'
3034,매우좋음
3035,'보통'
3036,매우좋음
3037,'매우좋음'
3038,'매우좋음'
3039,매우좋음
3040,좋음
3041,보통
3042,'보통'
3043,매우좋음
3044,매우좋음
3045,'보통'
3046,'좋음'
3047,'보통'
3048,'좋음'
3049,'좋음'
3050,'좋음'
3051,매우좋음
3052,매우좋음
3053,매우좋음
3054,매우좋음
3055,좋음
3056,매우좋음
3057,매우좋음
3058,'매우좋음'
3059,매우좋음
3060,매우좋음
3061,'좋음'
3062,'매우좋음'
3063,'좋음'
3064,'매우좋음'
3065,'매우좋음'
3066,'좋음'
3067,'좋음'
3068,보통
3069,'나쁨'
3070,매우좋음
3071,'매우좋음'
3072,매우좋음
3073,매우좋음
3074,좋음
3075,좋음
3076,좋음
3077,좋음
3078,매우좋음
3079,매우좋음
3080,'매우좋음'
3081,'좋음'
3082,매우좋음
3083,매우좋음
3084,좋음
3085,'보통'
3086,매우좋음
3087,'매우좋음'
3088,'좋음'
3089,'좋음'
3090,'매우좋음'
3091,매우좋음
3092,매우좋음
3093,매우좋음
3094,매우좋음
3095,'매우좋음'
3096,'좋음'
3097,'매우좋음'
3098,'매우좋음'
3099,매우좋음
3100,'매우좋음'
3101,좋음
3102,좋음
3103,매우좋음
3104,매우좋음
3105,좋음
3106,좋음
3107,좋음
3108,매우좋음
3109,매우좋음
3110,'매우좋음'
3111,매우좋음
3112,매우좋음
3113,매우좋음
3114,매우좋음
3115,좋음
3116,좋음
3117,매우좋음
3118,좋음
3119,매우좋음
3120,매우좋음
3121,좋음
3122,매우좋음
3123,매우좋음
3124,매우좋음
3125,매우좋음
3126,'나쁨'
3127,좋음
3128,'보통'
3129,매우좋음
3130,매우좋음
3131,'매우좋음'
3132,좋음
3133,'매우좋음'
3134,매우좋음
3135,매우좋음
3136,매우좋음
3137,매우좋음
3138,매우좋음
3139,좋음
3140,'매우좋음'
3141,매우좋음
3142,'좋음'
3143,매우좋음
3144,'좋음'
3145,매우좋음
3146,좋음
3147,'매우좋음'
3148,좋음
3149,'좋음'
3150,'매우좋음'
3151,좋음
3152,매우좋음
3153,'매우좋음'
3154,매우좋음
3155,매우좋음
3156,매우좋음
3157,'매우좋음'
3158,매우좋음
3159,좋음
3160,좋음
3161,매우좋음
3162,'좋음'
3163,매우좋음
3164,'좋음'
3165,매우좋음
3166,'좋음'
3167,'매우좋음'
3168,'매우좋음'
3169,'좋음'
3170,'매우좋음'
3171,'좋음'
3172,매우좋음
3173,'매우좋음'
3174,매우좋음
3175,매우좋음
3176,매우좋음
3177,'매우좋음'
3178,매우좋음
3179,좋음
3180,매우좋음
3181,매우좋음
3182,매우좋음
3183,좋음
3184,매우좋음
3185,'매우좋음'
3186,매우좋음
3187,'좋음'
3188,좋음
3189,'보통'
3190,매우좋음
3191,좋음
3192,매우좋음
3193,'보통'
3194,좋음
3195,매우좋음
3196,좋음
3197,매우좋음
3198,매우좋음
3199,매우좋음
3200,매우좋음
3201,좋음
3202,'좋음'
3203,매우좋음
3204,매우좋음
3205,매우좋음
3206,'매우좋음'
3207,'보통'
3208,'매우좋음'
3209,'매우좋음'
3210,매우좋음
3211,매우좋음
3212,매우좋음
3213,매우좋음
3214,매우좋음
3215,매우좋음
3216,매우좋음
3217,매우좋음
3218,좋음
3219,매우좋음
3220,'매우좋음'
3221,'매우좋음'
3222,좋음
3223,매우좋음
3224,좋음
3225,매우좋음
3226,좋음
3227,매우좋음
3228,'보통'
3229,'보통'
3230,'좋음'
3231,좋음
3232,'매우좋음'
3233,'매우좋음'
3234,매우좋음
3235,매우좋음
3236,매우좋음
3237,'좋음'
3238,매우좋음
3239,매우좋음
3240,매우좋음
3241,'매우좋음'
3242,좋음
3243,'보통'
3244,좋음
3245,매우좋음
3246,매우좋음
3247,매우좋음
3248,좋음
3249,'좋음'
3250,'매우좋음'
3251,매우좋음
3252,매우좋음
3253,좋음
3254,'좋음'
3255,매우좋음
3256,매우좋음
3257,매우좋음
3258,매우좋음
3259,'매우좋음'
3260,매우좋음
3261,매우좋음
3262,'좋음'
3263,'좋음'
3264,좋음
3265,매우좋음
3266,매우좋음
3267,매우좋음
3268,'매우좋음'
3269,매우좋음
3270,매우좋음
3271,매우좋음
3272,매우좋음
3273,매우좋음
3274,'좋음'
3275,좋음
3276,매우좋음
3277,좋음
3278,매우좋음
3279,매우좋음
3280,'매우좋음'
3281,좋음
3282,좋음
3283,매우좋음
3284,'매우좋음'
3285,매우좋음
3286,좋음
3287,좋음
3288,매우좋음
3289,'매우좋음'
3290,좋음
3291,좋음
3292,'매우좋음'
3293,매우좋음
3294,매우좋음
3295,매우좋음
3296,좋음
3297,'좋음'
3298,매우좋음
3299,좋음
3300,'좋음'
3301,매우좋음
3302,좋음
3303,'매우좋음'
3304,좋음
3305,좋음
3306,'매우좋음'
3307,매우좋음
3308,'좋음'
3309,좋음
3310,'매우좋음'
3311,매우좋음
3312,'매우좋음'
3313,'매우좋음'
3314,'매우좋음'
3315,'매우좋음'
3316,매우좋음
3317,매우좋음
3318,매우좋음
3319,매우좋음
3320,매우좋음
3321,'매우좋음'
3322,매우좋음
3323,매우좋음
3324,매우좋음
3325,좋음
3326,매우좋음
3327,좋음
3328,매우좋음
3329,매우좋음
3330,'매우좋음'
3331,매우좋음
3332,매우좋음
3333,'좋음'
3334,매우좋음
3335,매우좋음
3336,매우종음
3337,매우좋음
3338,'매우좋음'
3339,좋음
3340,매우좋음
3341,'좋음'
3342,매우좋음
3343,매우좋음
3344,매우좋음
3345,매우좋음
3346,좋음
3347,매우좋음
3348,매우좋음
3349,매우좋음
3350,매우좋음
3351,매우좋음
3352,'매우좋음'
3353,'매우좋음'
3354,좋음
3355,'좋음'
3356,좋음
3357,'좋음'
3358,'좋음'
3359,좋음
3360,매우좋음
3361,'매우좋음'
3362,매우좋음
3363,좋음
3364,'매우좋음'
3365,매우좋음
3366,좋음
3367,'매우좋음'
3368,'매우좋음'
3369,매우좋음
3370,매우좋음
3371,매우좋음
3372,매우좋음
3373,매우좋음
3374,좋음
3375,'매우좋음'
3376,매우좋음
3377,매우좋음
3378,매우좋음
3379,좋음
3380,매우좋음
3381,매우좋음
3382,매우좋음
3383,'매우좋음'
3384,'좋음'
3385,매우좋음
3386,'매우좋음'
3387,'좋음'
3388,'매우좋음'
3389,매우좋음
3390,매우좋음
3391,매우좋음
3392,매우좋음
3393,매우좋음
3394,좋음
3395,좋음
3396,좋음
3397,매우좋음
3398,매우좋음
3399,좋음
3400,'좋음'
3401,매우좋음
3402,매우좋음
3403,매우좋음
3404,매우좋음
3405,매우좋음
3406,'좋음'
3407,'좋음'
3408,'매우좋음'
3409,매우좋음
3410,'매우좋음'
3411,매우좋음
3412,'좋음'
3413,좋음
3414,매우좋음
3415,보통
3416,'매우좋음'
3417,'매우좋음'
3418,매우좋음
3419,매우좋음
3420,좋음
3421,'매우좋음'
3422,'매우좋음'
3423,'매우좋음'
3424,'매우좋음'
3425,매우좋음
3426,매우좋음
3427,매우좋음
3428,좋음
3429,매우좋음
3430,좋음
3431,'매우좋음'
3432,매우좋음
3433,좋음
3434,좋음
3435,매우좋음
3436,'좋음'
3437,'매우좋음'
3438,'매우좋음'
3439,매우좋음
3440,매우좋음
3441,좋음
3442,'좋음'
3443,'매우좋음'
3444,좋음
3445,매우좋음
3446,'매우좋음'
3447,매우좋음
3448,좋음
3449,'매우좋음'
3450,좋음
3451,매우좋음
3452,'좋음'
3453,매우좋음
3454,매우좋음
3455,매우좋음
3456,매우좋음
3457,'매우좋음'
3458,매우좋음
3459,'매우좋음'
3460,매우좋음
3461,매우좋음
3462,'좋음'
3463,매우좋음
3464,매우좋음
3465,매우좋음
3466,매우좋음
3467,매우좋음
3468,매우좋음
3469,매우좋음
3470,좋음
3471,좋음
3472,'좋음'
3473,매우좋음
3474,좋음
3475,매우좋음
3476,매우좋음
3477,좋음
3478,'좋음'
3479,좋음
3480,매우좋음
3481,'매우좋음'
3482,좋음
3483,좋음
3484,매우좋음
3485,매우좋음
3486,매우좋음
3487,매우좋음
3488,매우좋음
3489,매우좋음
3490,좋음
3491,매우좋음
3492,매우좋음
3493,좋음
3494,매우좋음
3495,매우좋음
3496,매우좋음
3497,좋음
3498,매우좋음
3499,'매우좋음'
3500,'좋음'
3501,보통
3502,'좋음'
3503,'좋음'
3504,매우좋음
3505,매우좋음
3506,매우좋음
3507,'매우좋음'
3508,매우좋음
3509,매우좋음
3510,좋음
3511,'매우좋음'
3512,매우좋음
3513,매우좋음
3514,매우좋음
3515,매우좋음
3516,매우좋음
3517,'매우좋음'
3518,매우좋음
3519,매우좋음
3520,매우좋음
3521,좋음
3522,매우좋음
3523,'매우좋음'
3524,매우좋음
3525,매우좋음
3526,좋음
3527,매우좋음
3528,'나쁨'
3529,좋음
3530,매우좋음
3531,'매우좋음'
3532,'매우좋음'
3533,'좋음'
3534,'매우좋음'
3535,매우좋음
3536,매우좋음
3537,'매우좋음'
3538,좋음
3539,'보통'
3540,'매우좋음'
3541,매우좋음
3542,'매우좋음'
3543,매우좋음
3544,매우좋음
3545,'매우좋음'
3546,매우좋음
3547,좋음
3548,매우좋음
3549,'좋음'
3550,'매우좋음'
3551,'매우좋음'
3552,좋음
3553,매우좋음
3554,좋음
3555,매우좋음
3556,좋음
3557,매우좋음
3558,'좋음'
3559,'좋음'
3560,'좋음'
3561,'매우좋음'
3562,매우좋음
3563,좋음
3564,매우좋음
3565,매우좋음
3566,매우좋음
3567,매우좋음
3568,매우좋음
3569,'좋음'
3570,좋음
3571,'매우좋음'
3572,좋음
3573,매우좋음
3574,매우좋음
3575,매우좋음
3576,'보통'
3577,'보통'
3578,매우좋음
3579,매우좋음
3580,좋음
3581,매우좋음
3582,매우좋음
3583,매우좋음
3584,매우좋음
3585,좋음
3586,매우좋음
3587,'매우좋음'
3588,'좋음'
3589,'매우좋음'
3590,매우좋음
3591,매우좋음
3592,매우좋음
3593,'좋음'
3594,매우좋음
3595,매우좋음
3596,매우좋음
3597,매우좋음
3598,'매우좋음'
3599,'좋음'
3600,좋음
3601,매우좋음
3602,매우좋음
3603,매우좋음
3604,'매우좋음'
3605,'매우좋음'
3606,매우좋음
3607,매우좋음
3608,'좋음'
3609,'매우좋음'
3610,매우좋음
3611,'매우좋음'
3612,매우좋음
3613,'좋음'
3614,매우좋음
3615,매우좋음
3616,매우좋음
3617,매우좋음
3618,매우좋음
3619,'매우좋음'
3620,매우좋음
3621,좋음
3622,매우좋음
3623,매우좋음
3624,매우좋음
3625,'매우좋음'
3626,매우좋음
3627,매우좋음
3628,좋음
3629,'매우좋음'
3630,매우좋음
3631,'매우좋음'
3632,매우좋음
3633,매우좋음
3634,매우좋음
3635,매우좋음
3636,매우좋음
3637,매우좋음
3638,좋음
3639,'매우좋음'
3640,매우좋음
3641,매우좋음
3642,매우좋음
3643,매우좋음
3644,매우좋음
3645,매우좋음
3646,매우좋음
3647,매우좋음
3648,'매우좋음'
3649,좋음
3650,매우좋음
3651,'좋음'
3652,'좋음'
3653,'매우좋음'
3654,좋음
3655,좋음
3656,'매우좋음'
3657,'매우좋음'
3658,좋음
3659,매우좋음
3660,매우좋음
3661,'보통'
3662,'매우좋음'
3663,매우좋음
3664,매우좋음
3665,'매우좋음'
3666,매우좋음
3667,매우좋음
3668,매우좋음
3669,매우좋음
3670,'매우좋음'
3671,'매우좋음'
3672,매우좋음
3673,매우좋음
3674,'좋음'
3675,매우좋음
3676,좋음
3677,'매우좋음'
3678,매우좋음
3679,매우좋음
3680,매우좋음
3681,매우좋음
3682,매우좋음
3683,좋음
3684,매우좋음
3685,'매우좋음'
3686,매우좋음
3687,매우좋음
3688,매우좋음
3689,좋음
3690,매우좋음
3691,매우좋음
3692,매우좋음
3693,좋음
3694,매우좋음
3695,매우좋음
3696,매우좋음
3697,좋음
3698,매우좋음
3699,'매우좋음'
3700,'매우좋음'
3701,'매우좋음'
3702,'매우좋음'
3703,매우좋음
3704,'좋음'
3705,'좋음'
3706,'보통'
3707,매우좋음
3708,매우좋음
3709,좋음
3710,좋음
3711,매우좋음
3712,'매우좋음'
3713,'좋음'
3714,매우좋음
3715,매우좋음
3716,매우좋음
3717,매우좋음
3718,매우좋음
3719,좋음
3720,'보통'
3721,매우좋음
3722,좋음
3723,'매우좋음'
3724,좋음
3725,'매우좋음'
3726,좋음
3727,매우좋음
3728,매우좋음
3729,'좋음'
3730,매우좋음
3731,매우좋음
3732,'매우좋음'
3733,매우좋음
3734,매우좋음
3735,매우좋음
3736,매우좋음
3737,매우좋음
3738,'매우좋음'
3739,매우좋음
3740,'좋음'
3741,'보통'
3742,매우좋음
3743,매우좋음
3744,'나쁨'
3745,매우좋음
3746,좋음
3747,매우좋음
3748,'매우좋음'
3749,좋음
3750,매우좋음
3751,'매우좋음'
3752,'매우좋음'
3753,'매우좋음'
3754,매우좋음
3755,매우좋음
3756,매우좋음
3757,좋음
3758,매우좋음
3759,매우좋음
3760,'좋음'
3761,'매우좋음'
3762,'매우좋음'
3763,좋음
3764,'좋음'
3765,매우좋음
3766,매우좋음
3767,매우좋음
3768,좋음
3769,좋음
3770,'좋음'
3771,매우좋음
3772,좋음
3773,매우좋음
3774,매우좋음
3775,매우좋음
3776,매우좋음
3777,매우좋음
3778,'좋음'
3779,매우좋음
3780,매우좋음
3781,매우좋음
3782,'매우좋음'
3783,매우좋음
3784,'매우좋음'
3785,'매우좋음'
3786,'매우좋음'
3787,매우좋음
3788,'보통'
3789,'보통'
3790,'좋음'
3791,좋음
3792,좋음
3793,좋음
3794,매우좋음
3795,좋음
3796,'좋음'
3797,매우좋음
3798,'매우좋음'
3799,매우좋음
3800,매우좋음
3801,매우좋음
3802,매우좋음
3803,매우좋음
3804,매우좋음
3805,매우좋음
3806,'매우좋음'
3807,보통
3808,매우좋음
3809,매우좋음
3810,매우좋음
3811,'좋음'
3812,'좋음'
3813,좋음
3814,'좋음'
3815,매우좋음
3816,매우좋음
3817,매우좋음
3818,좋음
3819,매우좋음
3820,매우좋음
3821,매우좋음
3822,매우좋음
3823,매우좋음
3824,매우좋음
3825,매우좋음
3826,'매우좋음'
3827,보통
3828,매우좋음
3829,매우좋음
3830,매우좋음
3831,'좋음'
3832,'좋음'
3833,좋음
3834,'좋음'
3835,매우좋음
3836,매우좋음
3837,매우좋음
3838,좋음
3839,'매우좋음'
