,name,content,date
0,[+숙취해소제 2박스 추가] 프로메가 알티지 오메가3 듀얼 5박스 (5개월분),혈행 건강을 위해 늘 애용합니다..,2023-11-28
1,[+숙취해소제 2박스 추가] 프로메가 알티지 오메가3 듀얼 5박스 (5개월분),"좋아요., 대마종자유먹다가 이걸로먹어볼려구요",2023-11-27
2,[+숙취해소제 2박스 추가] 프로메가 알티지 오메가3 듀얼 5박스 (5개월분),오메가3로 건강한 하루 보내요~,2023-11-26
3,[+숙취해소제 2박스 추가] 프로메가 알티지 오메가3 듀얼 5박스 (5개월분),복용중 제품을 저렴하게 구매했습니다. 배송도 무척 빨라서 만족합니다. 감사합니다^^,2023-11-25
4,[+숙취해소제 2박스 추가] 프로메가 알티지 오메가3 듀얼 5박스 (5개월분),꾸준히 복용하고 있어요. 특별히 효과는 모르겠지만 혈액순환이 잘 안되서 꾸준히 먹고 있어요~,2023-11-20
5,[+숙취해소제 2박스 추가] 프로메가 알티지 오메가3 듀얼 5박스 (5개월분),좋은상품 저렴하게 구매했어요,2023-11-20
6,[+숙취해소제 2박스 추가] 프로메가 알티지 오메가3 듀얼 5박스 (5개월분),포장도 잘되어왔고 여유있게 먹을것같아요,2023-11-18
7,[+숙취해소제 2박스 추가] 프로메가 알티지 오메가3 듀얼 5박스 (5개월분),믿고 먹는 프로메가,2023-11-17
8,[+숙취해소제 2박스 추가] 프로메가 알티지 오메가3 듀얼 5박스 (5개월분),"우리 부부 혈행건강을 챙기는 오메가 3
좋은 기회에 좋은 가격으로 구입했네요
잘 챙겨먹고 건강해져야겠어요^^",2023-11-17
9,[+숙취해소제 2박스 추가] 프로메가 알티지 오메가3 듀얼 5박스 (5개월분),오메가3 좋아요 잘 샀습니다,2023-11-14
10,[+숙취해소제 2박스 추가] 프로메가 알티지 오메가3 듀얼 5박스 (5개월분),알티지 오메가3 신랑과 같이 먹으려고 더 주문했어요 좋네요,2023-11-14
11,[+숙취해소제 2박스 추가] 프로메가 알티지 오메가3 듀얼 5박스 (5개월분),"잘먹고있습니다
행사가로 저렴하게 살수 있으면 종근당걸로
꾸준히 먹겠습니다 ",2023-11-13
12,[+숙취해소제 2박스 추가] 프로메가 알티지 오메가3 듀얼 5박스 (5개월분),합리적인 가격 좋아요,2023-11-13
13,[+숙취해소제 2박스 추가] 프로메가 알티지 오메가3 듀얼 5박스 (5개월분),"아이들도 잘 먹고, 저의 가족이 건강을 위해 다같이 먹고  있어요..",2023-11-09
14,[+숙취해소제 2박스 추가] 프로메가 알티지 오메가3 듀얼 5박스 (5개월분),"이들도 잘 먹고, 저의 가족이 건강을 위해 다같이 먹고  있어요..",2023-11-09
15,[+숙취해소제 2박스 추가] 프로메가 알티지 오메가3 듀얼 5박스 (5개월분),"이들도 잘 먹고, 저의 가족이 건강을 위해 다같이 먹고  있어요..",2023-11-09
16,[+숙취해소제 2박스 추가] 프로메가 알티지 오메가3 듀얼 5박스 (5개월분),"이들도 잘 먹고, 저의 가족이 건강을 위해 다같이 먹고  있어요..",2023-11-09
17,[+숙취해소제 2박스 추가] 프로메가 알티지 오메가3 듀얼 5박스 (5개월분),"아이들도 잘 먹고, 저의 가족이 건강을 위해 다같이 먹고  있어요..
",2023-11-09
18,[+숙취해소제 2박스 추가] 프로메가 알티지 오메가3 듀얼 5박스 (5개월분),항상챙겨먹어요...,2023-11-09
19,[+숙취해소제 2박스 추가] 프로메가 알티지 오메가3 듀얼 5박스 (5개월분),항상 먹는 제품 입니다. 좋습니다.,2023-11-08
20,[+숙취해소제 2박스 추가] 프로메가 알티지 오메가3 듀얼 5박스 (5개월분),오메가3 알티지라 좋아요. 잘 샀어요.,2023-06-19
21,[+숙취해소제 2박스 추가] 프로메가 알티지 오메가3 듀얼 5박스 (5개월분),프로메가 알티지 오메가3 듀얼 잘 챙겨 먹을게요.,2023-06-19
22,[+숙취해소제 2박스 추가] 프로메가 알티지 오메가3 듀얼 5박스 (5개월분),알티지가 좋을 것 같아서 구매했어요. 믿고 먹어요.,2023-06-19
23,[+숙취해소제 2박스 추가] 프로메가 알티지 오메가3 듀얼 5박스 (5개월분),잘 구매해서 먹고 있어요. 꾸준히 먹어야 효과가 있을 것 같아요. 인기 좋은 상품이라 좋네요,2023-06-19
24,[+숙취해소제 2박스 추가] 프로메가 알티지 오메가3 듀얼 5박스 (5개월분),좋아용 ㅎㅎㅎ ㅎㅎ,2023-06-18
25,[+숙취해소제 2박스 추가] 프로메가 알티지 오메가3 듀얼 5박스 (5개월분),알티지오메가3 저렴하게 잘샀엉요,2023-06-16
26,[+숙취해소제 2박스 추가] 프로메가 알티지 오메가3 듀얼 5박스 (5개월분),항상 먹는제품입니다 먹고 재구매 할께요,2023-06-15
27,[+숙취해소제 2박스 추가] 프로메가 알티지 오메가3 듀얼 5박스 (5개월분),"오메가3가 필요했는데 마침 종근당에서 이벤트 덕분에 좋은 오메가3 겟하네요!!
5개월치 샀는데 빨리 먹고 또 주문하고 싶어요
다 먹고 또 주문하러 오겠습니다~",2023-06-15
28,[+숙취해소제 2박스 추가] 프로메가 알티지 오메가3 듀얼 5박스 (5개월분),좋아요. 남편 주려고 구매했네요.,2023-06-15
29,[+숙취해소제 2박스 추가] 프로메가 알티지 오메가3 듀얼 5박스 (5개월분),먹기편하고 좋네요~~,2023-06-15
30,[+숙취해소제 2박스 추가] 프로메가 알티지 오메가3 듀얼 5박스 (5개월분),항상먹는 오메가3 입니다.,2023-06-14
31,[+숙취해소제 2박스 추가] 프로메가 알티지 오메가3 듀얼 5박스 (5개월분),"행사기간에 저렴하게 구매했습니다.
항상 먹는 오메가3 입니다.",2023-06-14
32,[+숙취해소제 2박스 추가] 프로메가 알티지 오메가3 듀얼 5박스 (5개월분),"오매가3 몸에 좋다는거는 알고 있었지만,
약 크기도 크고, 먹고나면 비릿한 냄새가 올라와서 못먹었었는데… 
종근당 오메가3은 알약 크기도 작고, 먹고나서 비릿한 냄새도 안나서 좋아요~
매일 매일 잘 챙겨 먹고 있어요~~
효과도 좋겠지요~~^^",2023-06-14
33,[+숙취해소제 2박스 추가] 프로메가 알티지 오메가3 듀얼 5박스 (5개월분),꾸준히 섭취하고 있어요,2023-06-13
34,[+숙취해소제 2박스 추가] 프로메가 알티지 오메가3 듀얼 5박스 (5개월분),꾸준히 섭취하고 있어요,2023-06-13
35,[+숙취해소제 2박스 추가] 프로메가 알티지 오메가3 듀얼 5박스 (5개월분),꾸준히 섭취하고 있어요,2023-06-13
36,[+숙취해소제 2박스 추가] 프로메가 알티지 오메가3 듀얼 5박스 (5개월분),좋아요 원래 먹던거라서 할인하니 주문다시해봤습니다,2023-06-13
37,[+숙취해소제 2박스 추가] 프로메가 알티지 오메가3 듀얼 5박스 (5개월분),특가에 적립금까지 3만5천원도 안되는 금액으로 5박스나 구매했네요.,2023-06-13
38,[+숙취해소제 2박스 추가] 프로메가 알티지 오메가3 듀얼 5박스 (5개월분),특가에 적립금까지 3만5천원도 안되는 금액으로 5박스나 구매했네요.,2023-06-13
39,[+숙취해소제 2박스 추가] 프로메가 알티지 오메가3 듀얼 5박스 (5개월분),꾸준히 먹어보려구요,2023-06-13
